<?xml version="1.0" encoding="UTF-8" ?>
<!DOCTYPE mapper
  PUBLIC "-//mybatis.org//DTD Mapper 3.0//EN"
  "http://mybatis.org/dtd/mybatis-3-mapper.dtd">

<!-- 게시판 처리 SQL -->
<mapper namespace="board.dao.BoardMapper">

<!-- 글 저장 -->
<insert id="insertBoard" parameterType="board">
  insert into
      board(
      boardnum
      ,name
      ,title
      ,content
      )VALUES(
      boardseq.nextval
      ,#{name}
      ,#{title}
      ,#{content}
      )
</insert>

<!-- 글 목록 -->
<select id="listBoard" resultType="board">
	select 
    boardnum as boardnum
    ,name as name
    ,title as title
    ,content as content
    ,to_char(indate ,'YYYY/MM/DD')  as indate
from
    board
order by
    boardnum desc 

</select>

<!-- 글 1개 읽기 -->
<select id="readBoard" parameterType="int" resultType="board">
	select 
    boardnum 
    ,name 
    ,hits
    ,to_char(indate ,'YYYY/MM/DD')  as indate
    ,title 
    ,content
from
    board
where
	boardnum = #{boardnum}
</select>

<!-- 글의 조회수 1증가 -->
<update id="updateBoard" parameterType="int" >

update
    board
set
    hits = hits+1
where
    boardnum = #{boardnum}

</update>

<!-- 글 삭제 -->
<delete id="deleteBoard"  parameterType="board">
delete from 
    board
where 
    boardnum = #{boardnum}
</delete>

<!-- 글 검색 -->
<select id="searchBoard" parameterType="String" resultType="board">
select 
    boardnum 
    ,name 
    ,title 
from
    board
where
	Upper(title) like '%'||upper(#{title})||'%'
order by
	indate
</select>

</mapper>
