<?xml version="1.0" encoding="UTF-8"?>
<!DOCTYPE configuration PUBLIC "-//mybatis.org//DTD Config 3.0//EN" "http://mybatis.org/dtd/mybatis-3-config.dtd">
<configuration>

	<!-- DB접속정보 값을 가지고 있는 파일 설정 -->
	<properties resource="db.properties" />

	<!-- Java Class에 대한 alias 지정 -->
	<typeAliases>
		<typeAlias type="Tour.vo.Castle" alias="castle" />
		<typeAlias type="Tour.vo.Park" alias="park" />
		 <typeAlias type="Tour.vo.TourArea" alias="tour"/>
	</typeAliases>
	
	<!-- DB접속 정보 셋팅 -->
	<environments default="development">
		<environment id="development">
			<transactionManager type="JDBC" />
			<dataSource type="POOLED">
				<property name="driver" value="${driver}" />
				<property name="url" value="${url}" />
				<property name="username" value="${username}" />
				<property name="password" value="${password}" />
			</dataSource>
		</environment>
	</environments>
	
	<!-- Mapper 파일 include -->
	<mappers>
		<mapper resource="TourMapper.xml" />
	</mappers>
	
</configuration>
